host,final_host,brand,title,platform,builder,theme,theme_version,currency,country,locale,industry,industry_score,industry_runner_up,apps,collections,store_signals,strong_signals,tranco_rank,mentions,sources,validated_at
store.duolingo.com,store.duolingo.com,Duolingo,Duolingo Store,shopify,,Debut,17.14.0,EUR,EU,en,fashion-apparel,7,gifts-stationery,Klaviyo|Shop Pay,6,13,10,477,1,ecomm,2026-09-17
stance.eu.com,de.stance.com,Stance Europe,"Haltung: Socken, Unterwäsche und Bekleidung. Wohlfühlen, Gutes tun. – Stance Europe",shopify,,Sleek,2.0.1,EUR,EU,de,fashion-apparel,24,sports-outdoor,Klaviyo|Gorgias|Yotpo|Microsoft Clarity|Wishlist Plus|Shop Pay|Cookie consent (Pandectes)|Nosto,50,8,6,1008,1,ecomm,2026-09-17
store.dji.com,store.dji.com,DJI Store,"DJI Store - Drones, Cameras, Gimbals and Power Stations (United States)",,,,,,,en,tech-gadgets,21.5,sports-outdoor,Google Tag Manager|Klarna,,9,4,3824,1,ecomm,2026-09-17
store-usa.arduino.cc,store-usa.arduino.cc,Arduino Online Shop,Arduino Official Store | Boards Shields Kits Accessories — Arduino Online Shop,shopify,pagefly,Empire,8.1.0,USD,US,en,tech-gadgets,9,home-furniture,Klaviyo|Loox|Microsoft Clarity|Afterpay|Shop Pay|Crisp|Algolia,,13,8,3872,1,ecomm,2026-09-17
nanit.com,nanit.com,Nanit,Nanit Smart Baby Monitor | Tracks Sleep and Breathing,shopify,,Concept,4.3.1,USD,US,en,kids-baby,17.5,supplements-wellness,Recharge|Yotpo|Microsoft Clarity|Google Tag Manager|Attentive|Triple Whale|Afterpay|Shop Pay|Cookie consent (Cookiebot)|Sentry,,15,10,4302,1,gallery,2026-09-17
shop.swatch.com,swatch.com,Swatch watch styles,Swatch watch styles | Swatch® International,salesforce,,,,,,en,jewellery-watches,51,kids-baby,TikTok Pixel|YouTube|Cookie consent (OneTrust),,4,3,8104,1,ecomm,2026-09-17
anker.com,anker.com,Anker,Anker | Live Charged. - Anker US,shopify,,,,,US,en-US,tech-gadgets,26,sports-outdoor,Klaviyo|Judge.me|Yotpo|Hotjar|Microsoft Clarity|Pinterest Tag|Snap Pixel|Klarna|PayPal,,14,7,8562,1,ecomm,2026-09-17
jbhifi.com.au,jbhifi.com.au,JB Hi-Fi,JB Hi-Fi - Australia's Largest Home Entertainment Retailer,shopify,pagefly,JB Hi-Fi,1.0.0,AUD,AU,en,other,1,gifts-stationery,Klaviyo|Google Tag Manager|Google Analytics|Meta Pixel|Afterpay|Shop Pay|Algolia|Optimizely,50,8,7,9406,1,ecomm,2026-09-17
potterybarn.com,potterybarn.com,"Home Furniture, Home Decor & Outdoor Furniture","Home Furniture, Home Decor & Outdoor Furniture | Pottery Barn",,,,,,US,en-US,home-furniture,26,gifts-stationery,Cookie consent (OneTrust),,8,3,11508,1,ecomm,2026-09-17
shop.penguin.co.uk,shop.penguin.co.uk,Penguin Shop,Gifts for Book Lovers & Readers | Buy Online at The Penguin Shop,shopify,,Penguin Random House,2.0.0,EUR,GB,en,gifts-stationery,29.5,kids-baby,Hotjar|Shop Pay|PayPal|Cookie consent (OneTrust),,12,8,13082,1,ecomm,2026-09-17
loft.com,loft.com,Loft,"Loft : Women's Clothing, Petites, Dresses, Pants, Shirts, Sweaters",salesforce,,,,,,en,fashion-apparel,36,gifts-stationery,Attentive|Cookie consent (OneTrust)|Cloudflare,,9,3,13165,1,ecomm,2026-09-17
saatchiart.com,saatchiart.com,Saatchi Art,"Artwork: Buy Original Art Online, Paintings & More",nextjs,,,,,,en,gifts-stationery,8,pets,Google Tag Manager|Google Analytics,,6,3,13706,1,search,2026-09-17
chapters.indigo.ca,indigo.ca,Indigo,Indigo - Chapters - Coles | Canada's Biggest Bookstore,shopify,,Dawn,15.3.0,CAD,CA,en,gifts-stationery,18.5,kids-baby,Yotpo|Elevar|Wishlist Plus|Shop Pay|Zendesk,,11,8,14383,1,ecomm,2026-09-17
stanley1913.com,stanley1913.com,Stanley 1913,"Stanley 1913 Drinkware & Gear | Bottles, Tumblers, Growlers & More",shopify,,Dawn,1.5.18-c,USD,US,en,food-drink,14.5,sports-outdoor,Klaviyo|Yotpo|Google Tag Manager|Northbeam|Shop Pay|Cookie consent (OneTrust)|Algolia|Sentry,50,13,8,16074,1,search,2026-09-17
c-and-a.com,c-and-a.com,Fashion and clothing to feel good,Fashion and clothing to feel good | C&A,,,,,,,en,fashion-apparel,17,kids-baby,Cookie consent (OneTrust)|Algolia,,8,5,18874,1,ecomm,2026-09-17
society6.com,society6.com,Society6,Artist-Designed Wall Art & Home Decor | Society6,shopify,,Horizon,3.1.0,USD,US,en,home-furniture,36,food-drink,Klaviyo|Gorgias|Okendo|Microsoft Clarity|Triple Whale|Elevar|Wishlist Plus|Shop Pay|Cookie consent (OneTrust),,7,5,20424,2,ecomm,2026-09-17
zwift.com,zwift.com,Zwift,Zwift | The Indoor Cycling App for Smart Trainers & Bikes,shopify,,,,,,en,sports-outdoor,31.5,gifts-stationery,Optimizely|Segment,,7,5,20607,1,ecomm,2026-09-17
plumgoodness.com,plumgoodness.com,Plum Goodness,"Science-Backed Skincare, Haircare & Body care | 100% vegan",shopify,,Focal,12.7.1,INR,IN,en,beauty-skincare,39,food-drink,Judge.me|Microsoft Clarity|Google Tag Manager|Google Analytics|Shop Pay,,13,9,28254,1,search,2026-09-17
charlottetilbury.com,charlottetilbury.com,Charlotte Tilbury,"Shop Luxury Makeup, Skincare & Fragrance | Charlotte Tilbury",nextjs,,,,,GB,en-gb,beauty-skincare,72,home-furniture,Klarna|Afterpay|Cookie consent (OneTrust),,9,3,29712,1,search,2026-09-17
stickermule.com,stickermule.com,Sticker Mule,Sticker Mule | Custom printing that kicks ass,nextjs,,,,,,en,fashion-apparel,9.5,jewellery-watches,,,6,3,32488,1,ecomm,2026-09-17
maccosmetics.com,maccosmetics.com,MAC Cosmetics,MAC Cosmetics | Beauty and Makeup Products - Official Site,shopify,,elc-mac,2026.09.07-1,USD,US,en,beauty-skincare,42,pets,Shop Pay|Sentry,,11,8,33794,1,search,2026-09-17
seaislandcoffee.com,seaislandcoffee.com,Sea Island Coffee,Sea Island Coffee | Rare Single Origin Coffee,shopify,,RADIANT,1.0.0,EUR,EU,en,food-drink,55.5,gifts-stationery,Klaviyo|Shop Pay,,11,8,34577,1,ecomm,2026-09-17
theordinary.com,theordinary.com,The Ordinary,The Ordinary | Clinical Formulations with Integrity,salesforce,,,,,,en,beauty-skincare,30.5,gifts-stationery,Google Tag Manager|Google Analytics|Tolstoy,,11,6,41229,3,search,2026-09-17
loopearplugs.com,loopearplugs.com,Loop Earplugs,"Your Life, Your Volume | Loop Earplugs",shopify,replo,Loop,260909.1,EUR,EU,en,kids-baby,13,gifts-stationery,Klaviyo|Gorgias|Yotpo|Hotjar|Microsoft Clarity|Google Tag Manager|Meta Pixel|Pinterest Tag|Snap Pixel|Intelligems|Shop Pay|PayPal|Cookie consent (Pandectes),,14,9,47669,1,catalog,2026-09-17
ruggable.com,ruggable.com,Ruggable,Washable Rugs & Washable Area Rugs by Ruggable | Ruggable US,shopify,,,,,,en,home-furniture,43.5,sports-outdoor,Klaviyo|Google Tag Manager|Afterpay|Cloudflare,,7,4,56878,1,ecomm,2026-09-17
mejuri.com,mejuri.com,Fine Jewelry For Every Day,Fine Jewelry For Every Day | Mejuri,shopify,hydrogen,,,,,en,jewellery-watches,13.5,kids-baby,Klaviyo|Gorgias|Yotpo|Google Tag Manager|Postscript|Klarna|Shop Pay|ActiveCampaign|Cookie consent (OneTrust),,10,4,68181,3,search|ecomm,2026-09-17
firebox.com,firebox.com,FIREBOX®,FIREBOX® | Shop Original Presents Online,magento,,,,,,en,gifts-stationery,47.5,food-drink,Klaviyo|Google Tag Manager|Google Analytics|Klarna|Algolia|Cloudflare,,10,5,70333,1,ecomm,2026-09-17
papier.com,papier.com,"Diaries, Notebooks, Cards & More","Diaries, Notebooks, Cards & More | Papier",,,,,,GB,en-GB,gifts-stationery,33,kids-baby,Microsoft Clarity|Google Analytics|TikTok Pixel|Zendesk|Segment,,8,3,89161,1,ecomm,2026-09-17
typology.com,global.typology.com,Typology Paris,Natural Vegan Skincare Products Made in France — Typology,nuxt,,,,,,en,beauty-skincare,24,supplements-wellness,Klaviyo|Algolia,,5,3,98773,3,search|ecomm,2026-09-17
vertu.com,vertu.com,VERTU,"VERTU® Official Site | Luxury Phones, AI Phones & Smart Rings",shopify,hydrogen,,,,,en,jewellery-watches,21,tech-gadgets,Microsoft Clarity|Google Analytics|Meta Pixel|Klarna|Shop Pay,,12,7,132683,1,ecomm,2026-09-17
autonomous.ai,autonomous.ai,Autonomous,Autonomous — AI hardware workshop,nextjs,,,,,,en,kids-baby,4,,Google Tag Manager|Google Analytics|Cloudflare,,7,4,134692,1,ecomm,2026-09-17
choosemuse.com,choosemuse.com,Muse: the brain sensing headband,Muse® EEG Mental Fitness & Sleep Headband,shopify,,Wonderify,1.0.0,USD,US,en,sports-outdoor,3,supplements-wellness,Klaviyo|Hotjar|Google Tag Manager|TikTok Pixel|Triple Whale|Shop Pay|PayPal|ActiveCampaign|Cookie consent (Pandectes)|Globo|Optimizely,16,11,9,159183,1,ecomm,2026-09-17
dossier.co,dossier.co,Dossier,"Dossier | Made in France perfumes, fair-prices",shopify,hydrogen,,,,,EN,other,2,supplements-wellness,Klaviyo|Okendo|Postscript|Intelligems|Shop Pay|Boost Commerce,,10,6,196934,3,search|ecomm,2026-09-17
gfuel.com,gfuel.com,G FUEL,"G FUEL® | Fuel Your Worlds with Energy, Hydration & More",shopify,,Smart,4.2.0,EUR,EU,en,supplements-wellness,5,fashion-apparel,Klaviyo|Rebuy|Gorgias|Okendo|Hotjar|Microsoft Clarity|Google Tag Manager|Google Analytics|TikTok Pixel|Postscript|Triple Whale|Klarna|Afterpay|Shop Pay|HubSpot|Zendesk|Cookie consent (Pandectes)|LoyaltyLion,50,9,6,205627,3,search,2026-09-17
littlespoon.com,littlespoon.com,Little Spoon,Organic Baby Food | Healthy Toddler & Kids Meals + Snacks Delivery | Little Spoon,nextjs,,,,,,en,food-drink,54,kids-baby,Cloudflare,,5,3,206925,2,search|ecomm,2026-09-17
perfectketo.com,perfectketo.com,Perfect Keto,Perfect Keto - Doctor-developed. Backed by science.,shopify,,,,,US,en-US,supplements-wellness,25.5,food-drink,Klaviyo|Gorgias|Google Tag Manager|Meta Pixel|Justuno|Triple Whale|Elevar|Algolia,,8,4,207863,1,search,2026-09-17
openfarmpet.com,openfarmpet.com,Open Farm,Best Ethically Sourced Dog & Cat Food | Open Farm,shopify,,Open Farm,1.0.0,USD,US,en,pets,48,food-drink,Klaviyo|Yotpo|Hotjar|Google Tag Manager|TikTok Pixel|Northbeam|Klarna|Afterpay|Shop Pay|HubSpot,,12,8,238900,1,ecomm,2026-09-17
grenson.com,grenson.com,Grenson,"Grenson | British designer shoes, handmade since 1866.",bigcommerce,,,,,,en,fashion-apparel,42.5,jewellery-watches,Klaviyo|Microsoft Clarity|Google Analytics|Meta Pixel|TikTok Pixel|Pinterest Tag|Klarna|Cookie consent (Cookiebot)|VWO|Cloudflare,,7,4,299600,1,ecomm,2026-09-17
inkbox.com,inkbox.com,Inkbox,Tattoos for Every Version of You,shopify,,Stretch,2.0.1,USD,US,en,pets,10.5,,Klaviyo|Microsoft Clarity|Shopify Inbox|Shop Pay,,11,7,300703,1,ecomm,2026-09-17
papyrusonline.com,papyrusonline.com,Papyrus Online,Shop Greeting Cards And Gift Packaging | Papyrus,woocommerce,elementor,kadence-child,,,US,en-US,gifts-stationery,39,home-furniture,Google Analytics|Dynamic Yield,,4,3,307547,1,ecomm,2026-09-17
shop.gessato.com,shop.gessato.com,Gessato Design Store,Gessato Design Store,woocommerce,,gessatoshop,,,US,en-US,home-furniture,43.5,gifts-stationery,Klaviyo|Google Tag Manager|Google Analytics|Klarna|Tidio|Cloudflare,,9,3,355579,1,ecomm,2026-09-17
illumicrate.com,illumicrate.com,Illumicrate,Illumicrate,shopify,,Blubolt Theme,1.0.0,GBP,GB,en,subscription-box,7.5,gifts-stationery,Klaviyo|Rebuy|Okendo|Yotpo|Google Tag Manager|Google Analytics|Klarna|Shop Pay|LoyaltyLion|Boost Commerce,50,14,9,390859,1,ecomm,2026-09-17
hummingbirdbakery.com,hummingbirdbakery.com,Welcome to The Hummingbird Bakery,Welcome to The Hummingbird Bakery | Authentic American-style Bakery,magento,,,,,,en,food-drink,13,gifts-stationery,Klaviyo|Google Tag Manager|Meta Pixel|Zendesk|Cookie consent (Cookiebot),,7,5,420998,1,search,2026-09-17
melula.com,melula.com,Melula,Melula,squarespace-commerce,,,,,DK,da-DK,fashion-apparel,17,kids-baby,Google Analytics|Meta Pixel,,4,3,,2,search|ecomm,2026-09-17
adlanfragrances.com,adlanfragrances.com,ADLAN FRAGRANCES,ADLAN FRAGRANCES,magento,,,,,US,en-US,home-furniture,9.5,,,,4,3,,1,catalog,2026-09-17
allbyb.com,allbyb.com,ALLBYB Handmade Designer Bags,ALLBYB | Handcrafted Luxury Bags Built on Craftsmanship,woocommerce,elementor,woodmart,,,US,en-US,other,2.5,fashion-apparel,Google Tag Manager|Meta Pixel|Mailchimp|Cloudflare,,10,6,,1,ecomm,2026-09-17
amydiener.com,amydiener.com,Shop Dot Artworks Jewelry Merch,Shop Dot Artworks Jewelry Merch,,,,,,,en,jewellery-watches,14.5,gifts-stationery,Google Tag Manager|Google Analytics|Meta Pixel|Mailchimp,,5,4,,1,ecomm,2026-09-17
boscana.de,boscana.de,Boscana,Manufaktur Boscana GmbH - Mode Online Shop,woocommerce,elementor,hello-elementor,,,DE,de,fashion-apparel,12.5,,Hotjar|Google Analytics|Meta Pixel|Klarna,,5,3,,1,ecomm,2026-09-17
britishknights.com,amazon.com,Amazon.com,Amazon.com: British Knights,webflow,,,,,US,en-us,kids-baby,9.5,tech-gadgets,Wishlist Plus,,8,4,,1,ecomm,2026-09-17
copperandbrass.net,copperandbrass.net,Copper and Brass,Copper and Brass Paper Goods | Stationery Highlighting Representation,wix-stores,,,,,,en,gifts-stationery,7.5,,Sentry,,5,2,,1,ecomm,2026-09-17
