host,reason,status,final_host,platform,store_signals,strong_signals,title
instacart.com,robots,,,,0,0,
hollisterco.com,blocked,403,hollisterco.com,,0,0,
zoro.com,blocked,403,zoro.com,,0,0,
privy.com,not-store,200,privy.com,woocommerce,0,0,Privy: Email & SMS Marketing for Ecommerce
reiss.com,not-store,200,reiss.com,,3,0,"Reiss UK - Womenswear, Menswear, & Accessories"
princesspolly.com,not-store,200,princesspolly.com.au,shopify,0,0,
marcjacobs.com,robots,,,,0,0,
reallygoodemails.com,not-store,200,reallygoodemails.com,webflow,3,0,Really Good Emails
glassons.com,blocked,406,glassons.com,,0,0,
joules.com,not-store,200,joules.com,,3,0,"Joules | Women's, Men's & Children's Clothing And Footwear"
redstagfulfillment.com,not-store,200,redstagfulfillment.com,woocommerce,0,0,Red Stag Fulfillment | A 3PL Ecommerce Fulfillment Company
mankind.co.uk,not-store,200,mankind.co.uk,,3,0,"Mankind - Men's Grooming, Toiletries & Beauty Products"
illamasqua.com,adult,200,lookfantastic.com,,5,1,"LOOKFANTASTIC - Beauty, Fragrances, Skincare & Haircare"
commerce.com,not-store,200,commerce.com,bigcommerce,0,0,Commerce: We’re powering what’s next
colorfactory.co,robots,,,,0,0,
christosnewyork.com,spam,200,shopscentiq.com,shopify,14,11,PESTOTO » Situs Toto 4D Pusat Pasaran Toto 4D Terakreditasi
drinkcharlies.com,not-store,200,drinkcharlies.com,webflow,0,0,Charlie's Organics | Organic Sparkling Water with Real Fruit
goodmylk.co,spam,200,novaksolutions.com,,8,4,KOITOTO: 1st Link Situs Slot Gacor Online Slot777 Resmi Slot88 Hari Ini Gampang Menang
pzaz.com,parked,200,pzaz.com,,0,0,
thisisaday.com,dead,423,thisisaday.com,,0,0,
get-base.com,dead,,,,0,0,
getopenspaces.com,not-store,200,patternbrands.com,webflow,0,0,Home | Pattern Brands
goby.co,dead,,,,0,0,
helbak.com,parked,200,helbak.com,,0,0,
getnoodie.com,robots,,,,0,0,
knob.design,not-store,200,knob.design,framer,0,0,KNOB / k.no.b.1 / Low Profile Mechanical Keyboard
hebeboutique.com,robots,,,,0,0,
onnihighchair.com,not-store,200,onnihighchair.com,,0,0,Client Challenge
talkencore.com,not-store,200,talkencore.com,nextjs,0,0,Home | Talkhouse Encore
099.supply,not-store,200,099.supply,,0,0,099 SUPPLY
2hrset.com,robots,,,,0,0,
3x1.us,not-store,200,3x1.us,,1,0,"3×1 Calculators — Free, Fast & Explained"
80spurple.com,not-store,200,80spurple.com,nextjs,0,0,80spurple — independent app studio
yielddesign.co,not-store,200,patternbrands.com,webflow,0,0,Home | Pattern Brands
abhamacrame.com,robots,,,,0,0,
actonglobal.com,not-store,200,actonglobal.com,wordpress,2,0,Actonglobal - Blog Peralatan Olahraga dan Kendaraan Kecil
adablackjackgoods.com,not-store,200,adablackjackgoods.com,wordpress,0,0,Ada Blackjack Goods
advencher.co,spam,200,advencher.co,wordpress,1,0,Explore Top Security Measures for Safe Online Casino Gambling
af1.analogueshop.com,not-store,200,af1.analogueshop.com,framer,0,0,Analogue aF-1 | Just Point and Shoot | Pre order now
agacistore.com,robots,,,,0,0,
airvoir.com,not-store,200,airvoir.com,webflow,0,0,Corporate Jet Charters | Airvoir
alafut.qc.ca,not-store,200,alafut.qc.ca,,2,0,Découvrez les bières artisanales | Microbrasserie À la Fût
aluxediamond.com,not-store,200,aluxe.com,,2,0,ALUXE 亞立詩鑽石｜溫暖傳遞的珠寶戒指品牌
amaioswim.com,not-store,200,amaioswim.com,wordpress,1,0,Iswim-Ama - Fashion show of bathing and leisure wear
amandawakeley.com,parked,200,amandawakeley.com,,0,0,
amberrae.com,not-store,200,amberrae.com,webflow,0,0,Amber Rae | Bestselling author & speaker
ambassadorwatches.com,dead,,,,0,0,
ambsn.com,dead,,,,0,0,
andreabrugi.com,not-store,200,instagram.com,,1,0,Instagram
animauxspeciaux.be,not-store,200,animauxspeciaux.com,,0,0,Animaux Speciaux - Animaux Speciaux
anti-waste.com,spam,200,anti-waste.com,,8,4,HPTOTO ⚽️ Situs Judi Bola Sbobet & Jadwal Live Liga Champions Terlengkap
aoskincare.com,robots,,,,0,0,
apeacetreaty.com,dead,,,,0,0,
apachepine.com,robots,,,,0,0,
aquelarreshop.com,not-store,200,aquelarreshop.com,,1,0,Independent Designer & Vintage Selects | AQUELARRE
arborbrewing.com,not-store,200,arborbrewing.com,,0,0,Arbor Brewing Company | Brewery in MI
art-toi.com,not-store,200,art-toi.com,wordpress,2,0,Comprendre la peinture avec Art-Toi
artikelkbh.com,dead,,,,0,0,
artsnacks.co,dead,,,,0,0,
atlasfonts.com,not-store,200,atlasfonts.com,wordpress,0,0,Atlas Font Foundry
atlounge.jp,not-store,200,atlounge.jp,wordpress,1,0,＠LOUNGE ( アットラウンジ ) / パジャマで睡眠をデザイン
au.mighty-purse.com,dead,,,,0,0,
austincakeball.com,not-store,200,austincakeball.com,wordpress,2,0,"Cake Balls, Austin Birthday Cake Delivery, Gift Delivery & Corporate Gifts"
australianemu.com,not-store,200,australianemu.com,wordpress,1,0,Metal Market Europe - Australian Emu
avecdrinks.com,not-store,200,fortdouglas.org,wordpress,1,0,Socolive TV - Xem bóng đá SocoliveTV HD - Website chính thức
avivatalmon.co.il,dead,,,,0,0,
badtea.co,dead,,,,0,0,
bakskincare.com,dead,,,,0,0,
baldwin.co,robots,,,,0,0,
balter.com.au,not-store,200,balter.com.au,,1,0,Balter Brewing Company - Beer Got Us Here
bambinifashion.com,blocked,403,bambinifashion.com,,0,0,
barcampomaha.org,not-store,200,barcampomaha.org,,0,0,BarCamp Omaha 2024
bartaile.com,not-store,200,bartaile.com,wordpress,0,0,"Bartaile – Investasikan sedikit, ambil lebih banyak."
basmadesign.com,parked,200,basmadesign.com,,0,0,
bboxtype.com,not-store,200,carrois.com,,0,0,Carrois Type Design
beliefnyc.com,dead,,,,0,0,
belleandthebrave.no,not-store,200,belleandthebrave.no,wordpress,2,0,Belleandthebrave.no -
bestvinylrecords.com,parked,200,bestvinylrecords.com,,0,0,
beth-emily.com,not-store,200,beth-emily.com,webflow,0,0,Beth-Emily | Brand Strategy & Design
bhamstickers.com,not-store,200,bhamstickers.com,,0,0,Bellingham Stickers
bicyclespeedshop.co,not-store,200,bicyclespeedshop.co,wordpress,3,0,"Bicycle Speed Shop - Making Fast Bikes Faster - Houston, TX : Bicycle Speed Shop"
biibsthebee.com,blocked,403,payhip.com,,0,0,
blackbutterflyclothing.com,dead,,,,0,0,
blackletra.com,not-store,200,blackletra.com,,0,0,Blackletra Type Foundry
blackwatergallery.co.uk,not-store,200,blackwatergallery.co.uk,,0,0,CARDIFF | BLACKWATER ART GALLERY | Buy contemporary original art for sale
blake-envelopes.com,dead,,,,0,0,
blamotoys.com,dead,,,,0,0,
bleed-clothing.com,dead,,,,0,0,
blendsus.com,dead,,,,0,0,
blok-knives.co.uk,dead,,,,0,0,
blokwatches.com,dead,,,,0,0,
bloomandgive.com,robots,,,,0,0,
bloomhair.com,dead,,,,0,0,
blueelvin.com,robots,,,,0,0,
blukicks.com,blocked,403,blukicks.com,,0,0,
bokeh.life,parked,200,bokeh.life,,0,0,
boldcycles.com,parked,200,boldcycles.com,,0,0,
bombombaby.com,not-store,200,bombombaby.com,,0,0,欧e交易所官网下载 - 全球领先的数字资产交易平台
bondshackney.co.uk,not-store,200,bondshackney.co.uk,wordpress,1,0,Bond Shackney -
bookhou.com,dead,,,,0,0,
boonsupply.com,not-store,200,boonsupply.com,,0,0,Boon Supply
borealcoffee.ch,parked,202,borealcoffee.ch,,0,0,
boredcuttingboards.com,robots,,,,0,0,
bosqueplants.com,not-store,200,bosqueplants.com,wordpress,1,0,Bosque — Bring Nature Home
brancamenta.it,not-store,200,brancamenta.it,wordpress,2,0,Brancamenta: Senti il brivido con l’amaro alla menta.
branded7.com,not-store,200,branded7.com,,0,0,Branded7 Art - Limited Edition Prints By Rob Palmer
briefcasetype.com,not-store,200,briefcasetype.com,,1,0,Briefcase Type Foundry
bruggler.com,not-store,200,bruggler.com,,0,0,Swiss Made to Measure Luxury Watches | BRÜGGLER Chronographs
brunarosso.com,dead,,,,0,0,
bryant.dental,not-store,200,bryant.dental,webflow,1,0,"Dental ergonomic loupes, headlights & software - Bryant Dental"
bubzbaby.com,dead,,,,0,0,
bukvy.se,dead,,,,0,0,
buru-buru.com,dead,,,,0,0,
butterflytwists.com,robots,,,,0,0,
by-form.net,dead,,,,0,0,
byhumankind.com,robots,,,,0,0,
bike.wheelhouse.live,dead,404,bike.wheelhouse.live,,0,0,
candykirbydesigns.com,dead,521,candykirbydesigns.com,,0,0,
carbonstore.ru,not-store,200,carbonstore.ru,,1,0,Carbon Store. Товары из карбона
carcel.co,blocked,403,carcel.co,,0,0,
cardnest.com,dead,,,,0,0,
carryhitch.com,parked,200,carryhitch.com,,0,0,
cerena.co,parked,200,cerena.co,,0,0,
charnos.co.uk,blocked,403,pourmoi.co.uk,,0,0,
chopinvodka.com,not-store,200,chopinvodka.com,wordpress,2,0,Chopin Vodka - Home
cincojotas.com,not-store,200,cincojotas.com,,2,0,"Cinco Jotas | Jamones, Paletas, Lomos e Ibéricos Únicos"
citypantry.com,not-store,200,business.just-eat.co.uk,,0,0,Just Eat for Business | Corporate Catering & Office Food Delivery
coffeetimescoffee.com,not-store,200,coffeetimescoffee.com,,0,0,Coffee Times Coffee House
coloud.com,not-store,200,coloud.com,,1,0,PayID Pokies Australia - Trusted Casinos for Real Money 2026
coltortiboutique.com,blocked,403,gaudenziboutique.com,,0,0,
cookbookvillage.com,parked,200,cookbookvillage.com,,0,0,
cookmellow.com,parked,200,cookmellow.com,,0,0,
cookpotluck.com,spam,200,surfsidewest.com,,1,0,PRESIDENSLOT: Situs Slot Gacor Online Buka Layanan Resmi 24 Jam
copenhagenbikecompany.com,blocked,403,copenhagenbikecompany.com,,0,0,
cora.ro,not-store,200,cora.ro,,0,0,Cora - Anunt inchidere cora.ro
coraliereiter.com,parked,200,coraliereiter.com,,0,0,
coreandrind.com,not-store,200,coreandrind.com,wordpress,1,0,หวยออนไลน์ Tookhuay88 เว็บซื้อหวย 24 ชม. ไทย ลาว ไม่มีอั้น
cotton-broker.com,blocked,403,cotton-broker.com,,0,0,
cotypefoundry.com,not-store,200,cotypefoundry.com,nextjs,0,0,CoType™ Foundry
countryculture.com.au,blocked,403,countryculture.com.au,,0,0,
cornerstorecocktails.com,dead,,,,0,0,
couple.co,robots,,,,0,0,
covalentfashion.com,dead,,,,0,0,
customprintbox.com,parked,200,customprintbox.com,wordpress,4,0,Custom Print Box
cuteandbroke.com,not-store,200,cuteandbroke.com,wordpress,1,0,Handmade Fashion European Street Style: Artisanal Flair Meets Urban Chic
