host,final_host,brand,title,platform,builder,theme,theme_version,currency,country,locale,industry,industry_score,industry_runner_up,apps,collections,store_signals,strong_signals,tranco_rank,mentions,sources,validated_at,held_reason
dtcetc.com,dtcetc.com,DTCetc,DTCetc — The Live Directory of Direct-to-Consumer Brands,shopify,,,,,,en,supplements-wellness,6,fashion-apparel,Google Analytics,,1,1,177911,1,search-result,2026-09-17,brand directory
draxe.com,draxe.com,Dr. Axe,"Dr. Axe | Health and Fitness News, Recipes, Natural Remedies",woocommerce,,mat_draxe,,,US,en-US,supplements-wellness,35,food-drink,Hotjar|Google Tag Manager|Google Analytics|Meta Pixel,,4,2,24394,1,search,2026-09-17,content site; the shop lives at store.draxe.com
allt.sk,allt.sk,ALLT STUDIO,ALLT STUDIO — Creative service,woocommerce,,salient,,,,,other,0.5,jewellery-watches,Google Analytics,,2,1,,1,ecomm,2026-09-17,creative agency
c-istudios.com,c-istudios.com,C&I Studios,C&I Studios | Global Creative Studio for Brands,woocommerce,,total,,,US,en-US,fashion-apparel,8,sports-outdoor,Microsoft Clarity|Google Tag Manager|Google Analytics|Meta Pixel|Cloudflare,,4,2,,1,ecomm,2026-09-17,creative agency
communedesign.com,communedesign.com,Commune Design,Commune Design,nuxt,,,,,,en,other,2.5,home-furniture,,,2,1,,1,ecomm,2026-09-17,design studio (services)
carbonbeauty.com,frontrowgroup.com,Front Row,Front Row | Global Growth Partner for Marketplaces and Commerce,nextjs,,,,,,en,kids-baby,6,beauty-skincare,Google Tag Manager|HubSpot|Cookie consent (Cookiebot),,1,1,,1,ecomm,2026-09-17,domain now belongs to a growth agency
centra.com,centra.com,Centra,Centra: DTC & Wholesale Ecommerce Platform for Fashion & Lifestyle Brands,woocommerce,,,,,,en,fashion-apparel,13.5,jewellery-watches,Google Tag Manager|Klarna|HubSpot|Cookie consent (Cookiebot),,3,2,127661,1,ecomm,2026-09-17,e-commerce platform vendor
shopify.co.uk,shopify.com,Shopify,Shopify: Your Commerce Platform to Sell Online & In Person - Shopify UK,shopify,hydrogen,,,,GB,en-GB,other,0.5,gifts-stationery,Shop Pay,,4,2,191654,2,search,2026-09-17,e-commerce platform vendor
bigcommerce.co.uk,bigcommerce.co.uk,BigCommerce,Commerce built for momentum. | BigCommerce,woocommerce,,,,,GB,en-GB,sports-outdoor,5,,Klaviyo|Mailchimp|Algolia|Segment,,2,0,328098,1,lists,2026-09-17,e-commerce platform vendor
shopifyacademy.com,shopifyacademy.com,Shopify,Shopify Academy,shopify,hydrogen,,,,US,en-US,other,1,jewellery-watches,Google Analytics,,3,1,424856,7,lists|search,2026-09-17,education site
aircompany.com,aircompany.com,AIRCO,AIRCO | Advanced Technologies for Energy Security,nextjs,,,,,,en,kids-baby,6,tech-gadgets,,,1,1,,1,ecomm,2026-09-17,energy technology company
britishknights.com,amazon.com,Amazon.com,Amazon.com: British Knights,webflow,,,,,US,en-us,kids-baby,9.5,tech-gadgets,Wishlist Plus,,8,4,,1,ecomm,2026-09-17,forwards to amazon.com
jet.com,walmart.com,Walmart.com,Walmart | Save Money. Live better.,nextjs,,,,,US,en-US,home-furniture,10.5,fashion-apparel,Meta Pixel|Klarna|PayPal|YouTube,,6,1,156182,1,ecomm,2026-09-17,forwards to walmart.com
giellygreen.co.uk,giellygreen.co.uk,Gielly Green London,Gielly Green London | Luxury Hair Salon London | Celebrity Hair Salon London | Gielly Green,shopify,,,,,GB,en-GB,beauty-skincare,11.5,gifts-stationery,Google Analytics|Meta Pixel|Cloudflare,,4,1,,4,ecomm,2026-09-17,hair salon
aidaeats.com,activecaribbeantravel.com,Active Caribbean Travel,DAGANGJUDI | Trip Kemenangan Besar Dari Active Caribbean Travel,woocommerce,,parabola,,,ID,id-ID,other,0,,Cloudflare,,1,0,,1,ecomm,2026-09-17,hijacked domain (gambling spam)
bonjourmoncoussin.com,bonjourmoncoussin.com,ข่าววันนี้ ข่าวสด ข่าวบันเทิง ข่าวดารา ข่าวออนไลน์ เกม หนัง การ์ตูน,ข่าววันนี้ ข่าวสด ข่าวบันเทิง ข่าวดารา ข่าวออนไลน์ เกม หนัง การ์ตูน – เกาะติดข่าวทุกเหตุการณ์ ข่าววันนี้ ข่าวสด ข่าวบันเทิง ข่าวดารา ข่าวออนไลน์ เกม หนัง การ์ตู,woocommerce,elementor,ultra-seven,,,US,en-US,other,1,tech-gadgets,Mailchimp,,0,0,,1,ecomm,2026-09-17,hijacked domain (news spam)
authenticjobs.com,authenticjobs.com,Authentic Jobs,"Designer, Creatives and Developers Jobs Board | Authentic Positions",woocommerce,,authenticjobs,,,US,en-US,other,0,,Hotjar|Google Analytics|Cloudflare,,2,1,315379,1,search,2026-09-17,jobs board
vam.ac.uk,vam.ac.uk,Victoria and Albert Museum,The V&A is a family of museums dedicated to the power of creativity · V&A,salesforce,,,,,GB,en,jewellery-watches,3.5,fashion-apparel,Google Tag Manager|Cookie consent (OneTrust),,6,4,10436,1,ecomm,2026-09-17,museum site
pem.org,pem.org,pem.org,"Peabody Essex Museum | World-Renowned Art Museum In Salem, MA",,,,,,US,en-US,gifts-stationery,7.5,food-drink,Hotjar|Google Tag Manager,,4,2,131393,1,ecomm,2026-09-17,museum site
beaconrelief.com,beaconrelief.com,Beacon Relief,Beacon Relief - Changing Lives through the Creative Arts,woocommerce,,videographer-studio,,,,th,other,0,,YouTube,,3,1,,1,ecomm,2026-09-17,non-profit
crete.co,crete.co,CRETE,CRETE – Opening Soon,shopify,,Debut,17.8.0,USD,US,en,other,0,,Klaviyo|Google Tag Manager|TikTok Pixel|Attentive|Shop Pay,,1,0,,1,ecomm,2026-09-17,"not launched (""Opening Soon"")"
elmastudio.de,elmastudio.de,Elmastudio,Elmastudio – Personal Blog of Ellen and Manuel,woocommerce,,architrave,,,DE,de-DE,other,0.5,fashion-apparel,,,0,0,104378,1,ecomm,2026-09-17,personal blog
cocogonserphotography.com,cocogonserphotography.com,Coco Gonser,Zeitlose & Stilvolle Fotos | München | Coco Gonser Photography,wix,,,,,,de,other,0,,,,2,1,,1,ecomm,2026-09-17,photographer (services)
gearlaunch.com,gearlaunch.com,GearLaunch,GearLaunch | One-Stop Solution for Print-On-Demand Success,webflow,,,,,,en,fashion-apparel,12,jewellery-watches,Google Tag Manager|Zendesk|Weglot,,3,1,188264,1,ecomm,2026-09-17,print-on-demand platform
labusinessjournal.com,labusinessjournal.com,Los Angeles Business Journal,Home - Los Angeles Business Journal,woocommerce,,newspaper,,,,en,gifts-stationery,20,tech-gadgets,Google Tag Manager|Google Analytics|Mailchimp|Cloudflare,,3,0,76506,1,search,2026-09-17,publisher (business journal)
forbesbulgaria.com,forbesbulgaria.com,Forbes България,Forbes Bulgaria,woocommerce,,themify-ultra-child,,,BG,bg-BG,other,0,,Google Tag Manager|Google Analytics|Meta Pixel|YouTube|Mailchimp,,4,2,368950,1,search,2026-09-17,publisher (Forbes Bulgaria)
oceanographicmagazine.com,oceanographicmagazine.com,Oceanographic,Oceanographic Magazine - Conservation / Exploration / Adventure,woocommerce,,oceanographic,,,GB,en-GB,other,0,,Google Tag Manager|Google Analytics|Meta Pixel,,5,1,152959,1,ecomm,2026-09-17,publisher (magazine)
influencermarketinghub.com,influencermarketinghub.com,Influencer Marketing Hub,Influencer Marketing Hub | Influencer Marketing Hub,woocommerce,,voice-child,,,US,en-US,beauty-skincare,6.5,food-drink,Microsoft Clarity|Google Tag Manager|YouTube|Cloudflare,,2,1,15971,1,search,2026-09-17,publisher (marketing content)
modernretail.co,modernretail.co,Modern Retail,Modern Retail – Authority and honesty on the reinvention of retail,woocommerce,,digiday,,,,en,sports-outdoor,3,fashion-apparel,Google Tag Manager|Google Analytics,,2,0,84912,1,search,2026-09-17,publisher (retail news)
1stwebdesigner.com,1stwebdesigner.com,1stWebDesigner,1stWebDesigner • Helping You Build a Better Web - For Web Professionals,woocommerce,,1stwebdesigner-v5,,,US,en-US,other,0,,Google Tag Manager|Google Analytics|Cloudflare,,3,1,130535,1,search-result,2026-09-17,publisher (web design articles)
sitebuilderreport.com,sitebuilderreport.com,The Best Website Builder,The Best Website Builder: Reviews & Rankings (2026),woocommerce,elementor,,,,,en,other,1.5,jewellery-watches,Google Analytics|Meta Pixel|HubSpot|Mailchimp|Weglot,,3,2,178321,2,search-result,2026-09-17,publisher (website builder reviews)
alhena.ai,alhena.ai,Alhena,Alhena AI | Hallucination-Free AI agents to turn CX into Revenue,woocommerce,,,,,,en,beauty-skincare,8,fashion-apparel,Klaviyo|Gorgias|Yotpo|Google Tag Manager|YouTube|HubSpot|Zendesk|Intercom|Cloudflare,,1,1,33202,1,search-result,2026-09-17,SaaS (AI customer service)
chargeflow.io,chargeflow.io,AI Chargeback Management & Prevention,AI Chargeback Management & Prevention | Chargeflow,woocommerce,elementor,,,,,en,beauty-skincare,4,sports-outdoor,Gorgias|Google Tag Manager|Klarna|Afterpay|HubSpot|Zendesk|Intercom|Cookie consent (Cookiebot)|Weglot,,4,2,385111,1,search-result,2026-09-17,SaaS (chargebacks)
feedonomics.com,feedonomics.com,Feedonomics,Go from invisible to everywhere | Feedonomics™,woocommerce,,,,,US,en-US,kids-baby,6,jewellery-watches,,,2,0,365749,1,lists,2026-09-17,SaaS (product feeds)
abyme.net,abyme.net,ABYME,ABYME,shopify,,,,,GB,en-GB,other,0,,Google Analytics|Vimeo,,1,0,,1,ecomm,2026-09-17,"type foundry and publisher, no store evidence"
tickera.com,tickera.com,Tickera,"Event Ticketing System for WordPress | Sell Tickets, Zero Fees | Tickera",woocommerce,,tickera-2026,,USD,US,en-US,other,0.5,jewellery-watches,Google Tag Manager|Google Analytics,,4,1,590590,1,ecomm,2026-09-17,WordPress plugin vendor
qodeinteractive.com,qodeinteractive.com,We Bring Beauty to WordPress,We Bring Beauty to WordPress - Qode Interactive,woocommerce,elementor,masterds,,,US,en-US,food-drink,19,beauty-skincare,Google Tag Manager|Google Analytics|Meta Pixel,,3,2,5260,1,search-result,2026-09-17,WordPress theme vendor
